Power,p2,m_gas
229.3,1.51,64695
228.9,1.51,64572
228.6,1.51,64743
229.2,1.51,64545
228.8,1.51,64616
230.1,1.51,64756
229.2,1.51,64727
229.2,1.51,64616
229.6,1.51,64750
229.1,1.51,64671
229.2,1.51,64717
229.2,1.51,64702
229.4,1.51,64621
228.9,1.51,64833
229.9,1.51,64582
230.0,1.51,64635
229.4,1.51,64699
229.8,1.51,64688
229.3,1.51,64717
229.3,1.51,64738
229.0,1.51,64613
228.9,1.51,64738
229.1,1.51,64665
229.5,1.51,64748
229.2,1.51,64723
228.8,1.51,64564
229.5,1.51,64566
229.1,1.51,64649
229.6,1.51,64615
229.7,1.51,64648
229.2,1.51,64674
229.8,1.51,64620
229.6,1.51,64827
228.7,1.51,64502
229.1,1.51,64557
229.1,1.51,64664
229.5,1.51,64602
229.2,1.51,64595
229.3,1.51,64660
229.6,1.51,64628
232.1,1.54,65390
231.4,1.54,65367
232.2,1.54,65493
231.8,1.54,65199
232.4,1.54,65389
231.5,1.54,65361
232.0,1.54,65411
232.2,1.54,65396
232.0,1.54,65466
233.0,1.54,65317
232.2,1.54,65611
232.2,1.54,65266
232.1,1.54,65397
231.9,1.54,65548
231.7,1.54,65419
231.1,1.54,65470
232.3,1.54,65426
232.4,1.54,65426
232.4,1.54,65507
231.9,1.54,65475
231.9,1.54,65470
230.1,1.54,65534
230.2,1.54,65136
230.6,1.53,65213
230.5,1.53,65051
230.7,1.53,65175
230.4,1.53,65160
230.6,1.53,65087
230.5,1.53,65123
231.1,1.53,65279
230.7,1.53,65132
230.0,1.53,65200
230.4,1.53,65061
230.7,1.53,65171
231.3,1.53,65236
230.4,1.53,65217
232.1,1.53,65170
230.3,1.54,65401
231.0,1.53,65154
230.5,1.53,65289
230.1,1.53,65015
230.6,1.53,65163
230.5,1.53,65311
230.5,1.53,65175
231.0,1.53,65132
230.4,1.53,65252
231.0,1.53,65176
230.6,1.53,65413
230.6,1.53,64976
231.8,1.53,65112
230.4,1.53,65197
230.5,1.53,65110
230.7,1.53,65114
230.2,1.53,65198
230.5,1.53,65214
231.5,1.53,65364
231.1,1.54,65231
231.0,1.54,65126
230.3,1.53,65150
230.6,1.54,65175
230.7567,1.5,64683
231.106,1.5,64946
230.592,1.5,64760
230.4333,1.5,64778
231.0291,1.5,65011
230.6894,1.5,64687
230.7034,1.5,64746
230.9871,1.5,64869
230.5057,1.5,64700
230.7876,1.5,65072
230.2009,1.5,64624
231.4737,1.5,64836
230.6956,1.5,64829
230.3837,1.5,64818
231.2386,1.5,64999
230.2833,1.5,64801
231.2346,1.5,64716
230.5757,1.5,64845
230.8587,1.5,64800
231.808,1.5,65195
231.5472,1.5,64977
230.577,1.5,64670
230.3803,1.5,64748
230.3323,1.5,64680
230.2554,1.5,64627
230.8661,1.5,64749
230.6848,1.5,64767
230.5257,1.5,64881
230.3756,1.5,64634
230.2339,1.5,64774
230.3651,1.5,64725
230.551,1.5,64687
231.8144,1.5,64737
230.5238,1.5,64864
230.5757,1.5,64815
230.378,1.5,64915
230.6364,1.5,64664
230.2196,1.5,64702
230.7391,1.5,64921
230.0699,1.5,64634
230.6885,1.5,64800
230.0759,1.5,64980
230.5819,1.5,64670
229.8707,1.5,64705
231.0596,1.5,64779
230.7611,1.5,64734
230.4872,1.5,64663
230.3464,1.5,64698
230.0676,1.5,64698
230.2177,1.5,64823
230.2606,1.5,64734
230.3088,1.5,64676
230.4369,1.5,64846
230.323,1.5,64718
230.8972,1.5,64915
229.4799,1.5,64619
230.7801,1.5,64745
230.3899,1.5,64814
229.9658,1.5,64606
231.1443,1.5,64930
230.4234,1.51,64986
231.0224,1.51,64897
231.3064,1.51,64932
229.7627,1.5,64791
230.98,1.5,64900
230.6134,1.5,64952
230.2016,1.5,64632
230.2822,1.5,64753
230.1658,1.5,64714
230.6713,1.5,64757
230.2935,1.5,64780
229.8043,1.5,64705
229.8253,1.5,64666
229.5497,1.5,64773
229.9051,1.5,64643
230.6348,1.5,64754
231.4475,1.5,65078
230.2205,1.5,64575
229.5114,1.5,64594
230.3111,1.5,64684
229.8186,1.5,64668
229.9986,1.5,64626
230.5767,1.5,64812
229.9621,1.5,64700
231.8341,1.51,65219
229.3009,1.5,64604
230.6092,1.5,64694
229.8623,1.5,64639
230.5061,1.5,64551
230.8131,1.5,64719
229.958,1.5,64677
229.9626,1.5,64762
229.8897,1.5,64898
230.1136,1.5,64627
230.112,1.5,64612
229.7999,1.5,64715
229.9506,1.5,64706
230.1173,1.5,64768
230.3158,1.5,64739
229.909,1.5,64688
231.5159,1.5,64861
229.6815,1.5,64473
229.3554,1.5,64636
229.713,1.5,64624
229.5927,1.5,64611
229.7301,1.5,64746
229.7538,1.5,64628
229.7832,1.5,64665
229.8498,1.5,64582
230.3699,1.5,64530
228.8618,1.5,64500
229.9462,1.5,64670
229.9514,1.5,64608
230.1379,1.5,64608
230.2828,1.5,64766
229.6222,1.5,64489
230.2812,1.5,64621
230.1,1.51,64660
229.9378,1.51,64554
229.3773,1.51,64558
229.7423,1.5,64554
229.6903,1.51,64517
229.6345,1.5,64538
230.7682,1.51,64832
230.2586,1.51,64784
229.0404,1.5,64403
229.8709,1.5,64503
229.4982,1.5,64516
229.804,1.5,64600
230.415,1.5,64556
230.7966,1.51,64942
231.5173,1.51,65047
230.4455,1.51,64900
230.2193,1.51,64649
229.1952,1.5,64603
229.5231,1.5,64724
229.6131,1.5,64481
229.697,1.5,64578
230.5979,1.5,64785
229.7887,1.5,64611
229.6712,1.5,64598
230.2953,1.51,64666
229.9353,1.51,64534
230.0943,1.5,64642
229.1043,1.5,64561
230.1137,1.5,64492
229.9063,1.51,64836
231.0697,1.51,64785
229.7946,1.5,64740
229.2824,1.51,64483
229.9314,1.5,64573
229.2375,1.5,64676
230.3672,1.5,64797
230.2205,1.5,64563
229.4723,1.5,64604
229.5956,1.5,64624
229.3937,1.51,64716
229.163,1.5,64361
229.2412,1.5,64543
229.6125,1.5,64543
229.8989,1.5,64590
229.6916,1.5,64680
229.7939,1.5,64603
230.4576,1.51,64853
229.8934,1.51,64584
229.1056,1.5,64420
229.2613,1.5,64614
229.2797,1.5,64574
229.4526,1.5,64626
229.1624,1.5,64562
229.4482,1.5,64433
229.3876,1.5,64579
228.8873,1.5,64595
229.2401,1.5,64568
229.4114,1.5,64547
230.4704,1.51,64855
229.9327,1.51,64662
229.656,1.5,64603
229.2698,1.51,64371
230.0809,1.5,64525
229.6287,1.51,64544
229.3832,1.5,64495
228.8327,1.51,64576
229.3504,1.5,64472
229.8494,1.5,64466
229.5878,1.5,64529
229.5118,1.51,64525
228.3686,1.51,64407
229.9039,1.5,64547
229.3483,1.51,64507
229.5395,1.5,64646
229.4184,1.5,64709
229.5572,1.5,64581
229.6559,1.5,64739
229.8761,1.51,64586
229.4554,1.51,64606
229.163,1.51,64431
229.6757,1.5,64494
229.6407,1.51,64516
229.1369,1.51,64500
229.1983,1.51,64459
229.43,1.5,64465
228.5631,1.5,64370
229.0678,1.51,64467
229.344,1.5,64494
229.1878,1.5,64484
229.1856,1.5,64531
229.6057,1.5,64517
229.4031,1.5,64540
229.7304,1.51,64732
229.0625,1.5,64429
229.5503,1.5,64524
228.8645,1.5,64623
230.3139,1.51,64693
228.6945,1.51,64463
229.1492,1.5,64501
229.406,1.51,64469
229.3083,1.5,64623
228.5927,1.5,64362
229.1769,1.51,64619
229.3498,1.51,64613
229.2449,1.5,64375
228.9715,1.5,64517
229.0619,1.51,64486
229.9194,1.51,64663
229.6431,1.51,64733
228.9709,1.5,64370
228.8952,1.5,64450
228.8686,1.5,64527
229.3382,1.5,64512
229.0806,1.5,64380
229.4425,1.5,64488
229.7605,1.5,64726
229.4435,1.51,64789
229.7803,1.5,64479
229.0991,1.5,64478
229.5172,1.5,64388
229.4452,1.51,64477
229.2537,1.5,64500
229.402,1.51,64569
230.4575,1.51,64705
228.9895,1.5,64515
229.0012,1.5,64465
229.6435,1.5,64471
229.4112,1.5,64432
229.0681,1.5,64550
228.991,1.51,64488
229.9218,1.51,64629
228.5802,1.5,64327
229.1497,1.5,64577
230.4165,1.51,64740
230.1706,1.51,64706
229.8541,1.51,64697
228.8505,1.5,64586
229.1024,1.5,64515
229.0938,1.51,64540
228.9008,1.51,64538
229.2547,1.51,64450
228.6044,1.5,64574
229.3748,1.5,64373
229.297,1.5,64487
229.2979,1.51,64675
229.6691,1.5,64581
230.9963,1.51,64916
229.6081,1.51,64610
229.377,1.51,64584
229.3705,1.51,64763
229.3327,1.51,64529
229.4077,1.51,64571
229.3895,1.51,64928
229.1698,1.51,64597
229.4774,1.51,64582
229.1578,1.51,64550
230.2758,1.51,64556
230.6889,1.51,64997
229.5345,1.51,64595
228.8,1.51,64486
229.0907,1.51,64736
229.1261,1.51,64411
229.1199,1.5,64426
228.8723,1.51,64537
228.9957,1.5,64492
229.1705,1.51,64487
229.1173,1.51,64602
229.2082,1.5,64526
229.9949,1.5,64641
228.8176,1.51,64391
228.7312,1.5,64467
229.7786,1.5,64780
229.8194,1.51,64563
228.9369,1.5,64475
229.3153,1.5,64559
229.2465,1.5,64498
229.1943,1.5,64544
228.5505,1.51,64401
228.9335,1.5,64494
229.1537,1.51,64580
229.5128,1.5,64503
229.7249,1.5,64695
228.6953,1.51,64496
229.0206,1.5,64459
230.2628,1.51,64741
229.9837,1.51,64523
229.2431,1.51,64459
229.3663,1.5,64514
229.2147,1.51,64568
229.0298,1.5,64523
229.1773,1.5,64603
229.1701,1.5,64562
229.4501,1.5,64713
228.5507,1.5,64412
228.8736,1.5,64459
229.1175,1.5,64582
232.064,1.51,64624
230.6436,1.51,65139
229.2372,1.51,64751
228.8752,1.51,64664
228.9622,1.51,64592
229.889,1.51,64736
228.5,1.5,64485
229.3827,1.5,64429
229.4884,1.5,64514
229.4025,1.5,64428
228.8265,1.5,64604
229.4449,1.5,64583
228.8056,1.5,64439
229.1955,1.51,64377
229.5162,1.5,64706
229.0324,1.5,64296
229.8059,1.5,64488
229.199,1.5,64500
229.0515,1.51,64380
230.318,1.5,64511
229.485,1.5,64624
229.0884,1.51,64462
230.5376,1.51,64745
230.7112,1.51,64960
230.2489,1.51,64780
229.3228,1.51,64536
229.3159,1.5,64569
231.5328,1.51,65073
231.2256,1.51,64925
230.9246,1.5,64871
231.6114,1.5,64839
231.6198,1.5,64811
231.7332,1.5,65061
231.0077,1.5,64760
231.1573,1.5,64793
231.1328,1.5,64949
231.4214,1.5,64711
231.2095,1.5,64816
230.8644,1.5,64909
230.6686,1.5,64921
232.5241,1.5,64957
230.4282,1.5,64883
230.4787,1.5,64760
230.8426,1.5,64775
230.7574,1.5,64965
230.8645,1.5,64786
230.2151,1.5,64935
230.5527,1.5,64610
230.3417,1.5,64692
230.2814,1.5,64788
230.7598,1.5,64592
230.3254,1.5,64630
230.2017,1.5,64771
230.8834,1.5,64625
231.3154,1.5,64788
230.518,1.5,64755
230.3621,1.5,64776
230.5129,1.5,64798
230.4547,1.5,64873
231.1999,1.5,64719
230.9574,1.5,64829
230.8596,1.5,64749
230.2775,1.5,64688
231.1354,1.5,64901
230.9326,1.5,64671
230.1042,1.5,64675
230.0174,1.5,64762
230.22,1.5,64661
229.2027,1.5,64636
229.8984,1.5,64666
229.7987,1.5,64564
229.7686,1.5,64625
229.539,1.5,64689
230.3703,1.5,64583
229.7785,1.5,64705
230.5844,1.5,64653
230.1477,1.5,64720
230.1831,1.5,64805
229.6961,1.5,64557
229.8177,1.5,64623
230.6673,1.5,64779
230.3094,1.5,64719
230.396,1.5,64702
230.6524,1.5,64792
230.0486,1.5,64683
230.4367,1.5,64744
230.1176,1.5,64745
230.6955,1.5,64691
230.0133,1.5,64698
230.4159,1.5,64791
230.3376,1.5,64647
230.7135,1.5,64921
230.2289,1.5,64675
229.8615,1.5,64644
230.0748,1.5,64622
230.3528,1.5,64611
230.1358,1.5,64615
230.1066,1.5,64552
230.0078,1.5,64581
229.5321,1.5,64646
230.129,1.5,64677
229.8949,1.5,64529
229.4102,1.5,64600
230.1091,1.5,64710
229.528,1.5,64723
229.4807,1.5,64661
230.1978,1.5,64644
230.1453,1.5,64652
230.283,1.5,64751
230.2219,1.5,64627
230.2422,1.5,64650
229.7702,1.5,64703
230.1101,1.5,64568
229.9529,1.5,64580
230.3046,1.5,64755
229.6823,1.5,64483
229.8978,1.5,64558
229.6383,1.5,64605
229.4065,1.5,64512
230.11900000000003,1.5,64604
229.7841,1.5,64593
230.0965,1.5,64533
229.4934,1.5,64600
230.0818,1.5,64594
229.3369,1.5,64489
229.4495,1.5,64709
229.7274,1.5,64460
227.5975,1.49,64166
228.1784,1.5,64369
228.5875,1.5,64549
228.8127,1.51,64472
229.0214,1.51,64451
228.1229,1.5,64484
228.788,1.51,64462
229.8337,1.5,64576
229.2158,1.5,64694
229.333,1.5,64400
229.5696,1.51,64550
229.5128,1.5,64563
228.4723,1.5,64663
227.8223,1.5,64353
228.6713,1.5,64395
228.7038,1.5,64476
228.3149,1.5,64270
228.3665,1.5,64418
228.0041,1.5,64415
228.1448,1.5,64338
228.6475,1.5,64361
228.3186,1.5,64439
228.9027,1.5,64432
229.0598,1.5,64441
228.254,1.5,64564
228.7575,1.5,64547
229.0285,1.5,64560
228.6073,1.5,64522
228.4089,1.5,64473
228.0969,1.5,64427
228.8503,1.5,64422
228.5575,1.5,64387
228.2826,1.5,64461
229.0605,1.5,64419
228.4534,1.5,64458
228.4921,1.5,64419
228.8431,1.5,64455
228.5195,1.5,64500
228.3256,1.5,64366
227.7541,1.5,64354
228.9361,1.51,64342
228.355,1.5,64549
228.6456,1.5,64463
228.9636,1.5,64442
228.7352,1.5,64461
229.1117,1.5,64455
228.9804,1.51,64382
228.7639,1.5,64451
228.3159,1.5,64425
228.6814,1.5,64446
227.9541,1.5,64514
227.901,1.5,64415
228.0519,1.5,64462
228.3985,1.5,64427
227.942,1.5,64406
228.2427,1.5,64525
227.651,1.5,64219
228.6237,1.5,64458
228.4691,1.5,64479
229.2835,1.5,64448
228.5684,1.5,64372
228.6452,1.5,64548
228.7182,1.5,64357
228.2634,1.5,64372
228.1971,1.5,64307
229.0081,1.5,64461
227.6887,1.5,64317
227.9339,1.5,64334
227.8717,1.5,64411
228.1728,1.5,64268
228.1304,1.5,64359
229.2403,1.5,64552
227.9296,1.5,64383
228.7671,1.5,64451
228.727,1.5,64379
228.0926,1.5,64339
228.4992,1.5,64326
227.7582,1.5,64315
228.7449,1.5,64498
228.6125,1.5,64321
228.0809,1.5,64373
228.1729,1.5,64507
228.3987,1.5,64223
228.1486,1.5,64327
227.7966,1.5,64474
227.6818,1.5,64259
228.3484,1.5,64312
228.1976,1.5,64371
227.6722,1.5,64191
227.8781,1.5,64345
229.6169,1.5,64611
228.1212,1.5,64349
227.7569,1.5,64450
228.0261,1.5,64445
227.9677,1.5,64421
227.5165,1.5,64338
228.1879,1.5,64497
228.6107,1.5,64355
228.0664,1.5,64338
227.8415,1.5,64373
228.2508,1.5,64428
228.2395,1.5,64333
227.8856,1.5,64319
227.8408,1.5,64471
228.6864,1.5,64480
227.8221,1.5,64433
228.0375,1.5,64377
228.0635,1.5,64436
228.2025,1.5,64461
228.1551,1.5,64476
228.0065,1.5,64371
227.7291,1.5,64319
228.0564,1.5,64369
228.3275,1.5,64551
228.1799,1.5,64194
228.3253,1.5,64353
228.5448,1.5,64450
228.4427,1.5,64316
228.527,1.5,64408
228.1443,1.5,64445
229.0657,1.5,64501
228.7719,1.5,64351
228.2338,1.5,64655
228.5576,1.5,64682
229.4756,1.51,64534
228.3982,1.5,64478
228.3534,1.5,64407
227.9939,1.5,64447
227.8011,1.5,64360
228.0644,1.5,64324
228.3606,1.5,64300
228.5341,1.5,64343
228.2169,1.5,64392
228.1182,1.5,64488
228.0423,1.5,64417
229.098,1.5,64458
229.3554,1.5,64657
228.2426,1.5,64293
228.0149,1.5,64301
228.516,1.5,64455
228.2607,1.5,64256
228.063,1.5,64442
228.4975,1.5,64354
228.1966,1.5,64211
227.9058,1.5,64388
228.3173,1.5,64443
227.5855,1.5,64227
228.9435,1.5,64317
228.9426,1.5,64314
228.7783,1.5,64404
228.8227,1.5,64313
229.2424,1.5,64539
228.4554,1.5,64395
229.2736,1.5,64771
228.5861,1.5,64443
229.3085,1.5,64262
228.3505,1.5,64462
227.8224,1.5,64262
228.0451,1.5,64303
228.4523,1.5,64351
231.1034,1.51,64928
231.1149,1.51,64931
233.4812,1.51,65349
232.0847,1.51,65006
231.8277,1.51,65083
231.4657,1.5,64866
230.4579,1.5,64660
230.2496,1.5,64637
230.3895,1.5,64690
230.5666,1.5,64637
230.3911,1.5,64714
230.3856,1.5,64690
230.2603,1.5,64708
230.1945,1.5,64741
230.6048,1.5,64736
230.5752,1.5,64835
230.8695,1.5,64912
231.2323,1.5,64717
230.7496,1.5,64669
230.5072,1.5,64680
231.7584,1.5,64917
230.5488,1.5,64610
230.0667,1.5,64731
230.4272,1.5,64666
230.2227,1.5,64638
230.3148,1.5,64580
229.8968,1.5,64540
230.1022,1.5,64603
230.2121,1.5,64554
229.7247,1.5,64714
230.4579,1.5,64649
230.1548,1.5,64752
229.7814,1.5,64519
230.4615,1.5,64590
230.0428,1.5,64614
230.1353,1.5,64625
230.4988,1.5,64576
230.4051,1.5,64608
230.1729,1.5,64655
230.0868,1.5,64649
230.3158,1.5,64678
229.5768,1.5,64689
230.7321,1.5,64671
229.7924,1.5,64617
229.7296,1.5,64660
230.4016,1.5,64549
230.1828,1.5,64624
229.8671,1.5,64662
229.6182,1.5,64652
229.931,1.5,64664
229.7241,1.5,64606
230.0398,1.5,64598
229.9155,1.5,64779
229.9576,1.5,64690
229.7699,1.5,64738
230.005,1.5,64697
229.9919,1.5,64711
230.4051,1.5,64622
229.9556,1.5,64711
229.5968,1.5,64491
229.8713,1.5,64607
229.8195,1.5,64686
229.7333,1.5,64525
230.3585,1.5,64615
229.4933,1.5,64587
229.5711,1.5,64451
229.8298,1.5,64627
229.1445,1.5,64547
229.791,1.5,64423
230.0029,1.5,64557
229.6406,1.5,64617
230.2958,1.5,64601
229.5823,1.5,64589
229.6624,1.5,64608
229.7664,1.5,64408
229.6203,1.5,64656
230.1155,1.5,64626
229.6235,1.5,64538
229.8387,1.5,64581
229.052,1.5,64603
229.4748,1.5,64456
229.9182,1.5,64631
229.3605,1.5,64594
229.8246,1.5,64560
228.955,1.5,64417
230.341,1.5,64706
229.6741,1.5,64566
230.0702,1.5,64521
229.2888,1.5,64684
229.8256,1.5,64543
229.7483,1.5,64591
229.4769,1.5,64647
230.2066,1.5,64604
229.4255,1.5,64581
229.9467,1.5,64664
229.437,1.5,64483
229.7532,1.5,64550
230.348,1.5,64612
229.9661,1.5,64529
229.3244,1.5,64701
229.0501,1.5,64662
229.6796,1.5,64600
230.7675,1.5,64618
229.4038,1.5,64486
229.7406,1.5,64547
230.1709,1.5,64667
229.117,1.5,64427
229.2862,1.5,64537
229.3368,1.5,64771
229.1875,1.5,64515
229.6897,1.5,64616
229.4365,1.5,64680
229.3574,1.5,64393
229.7458,1.5,64551
229.2005,1.5,64557
230.0098,1.5,64508
229.5644,1.5,64583
229.8006,1.5,64590
230.6738,1.5,64644
229.747,1.5,64627
229.8744,1.5,64635
229.8346,1.5,64602
230.0525,1.5,64578
229.489,1.5,64625
229.4368,1.5,64546
229.9563,1.5,64677
229.4292,1.5,64655
229.9953,1.5,64498
228.9734,1.5,64685
229.5357,1.5,64584
229.6931,1.5,64530
229.5585,1.5,64561
229.4991,1.5,64672
229.9068,1.5,64554
229.7577,1.5,64644
228.9589,1.5,64643
229.8871,1.5,64507
230.5892,1.5,64957
230.3205,1.5,64648
229.6713,1.5,64565
229.717,1.5,64626
229.5839,1.5,64424
230.7477,1.5,64825
229.4489,1.5,64620
230.2875,1.5,64713
230.1789,1.5,64673
230.0612,1.5,64838
231.4995,1.5,64691
229.1274,1.5,64516
229.8814,1.5,64503
229.7981,1.5,64545
229.3399,1.5,64524
230.0408,1.5,64769
229.3606,1.5,64568
229.2517,1.5,64633
229.4116,1.5,64528
229.3758,1.5,64518
229.6665,1.5,64624
229.5316,1.5,64621
229.6393,1.5,64567
230.9691,1.51,64761
226.5551,1.5,64039
225.4091,1.48,63664
226.7712,1.49,63877
227.7849,1.49,64207
228.9398,1.49,64369
229.7186,1.5,64510
229.2738,1.5,64526
229.5657,1.5,64644
230.0253,1.5,64564
229.6531,1.5,64664
230.2716,1.5,64758
229.7405,1.5,64589
229.7446,1.5,64612
230.6337,1.5,64997
229.8511,1.5,64543
230.1653,1.5,64540
229.6969,1.5,64742
230.1054,1.5,64599
229.2691,1.5,64535
229.9116,1.5,64552
231.4441,1.5,64577
229.5284,1.5,64633
230.1097,1.5,64656
229.9505,1.5,64562
229.6231,1.5,64528
230.0753,1.5,64570
229.9403,1.5,64682
229.4377,1.5,64659
230.1647,1.5,64745
229.4325,1.5,64675
229.9321,1.5,64650
230.3686,1.5,64548
229.7309,1.5,64616
229.6222,1.5,64491
229.4873,1.5,64700
229.8383,1.5,64664
229.9176,1.5,64554
230.317,1.5,64568
229.3237,1.5,64635
229.2456,1.5,64558
229.5992,1.5,64528
229.0747,1.5,64523
229.6448,1.5,64429
230.2099,1.5,64641
228.9104,1.5,64547
229.5823,1.5,64523
229.213,1.5,64594
229.2298,1.5,64619
230.5643,1.5,64524
229.3267,1.5,64701
229.898,1.5,64505
229.5278,1.5,64529
229.6795,1.5,64714
230.1516,1.5,64598
229.6802,1.5,64522
229.4638,1.5,64809
230.1392,1.5,64534
229.3474,1.5,64455
230.163,1.5,64774
230.5203,1.5,64682
229.0764,1.5,64534
229.3445,1.5,64628
228.6832,1.5,64471
228.8889,1.5,64492
229.4268,1.5,64557
229.2856,1.5,64340
229.5361,1.5,64542
229.1527,1.5,64532
229.4377,1.5,64411
229.3128,1.5,64602
230.3024,1.5,64795
229.7188,1.5,64457
229.4882,1.5,64596
229.223,1.5,64589
229.2142,1.5,64472
230.1452,1.5,64431
229.4734,1.5,64614
228.9975,1.5,64532
229.719,1.5,64613
229.3123,1.5,64632
229.6475,1.5,64555
229.8816,1.5,64643
229.2116,1.5,64593
229.501,1.5,64620
229.7022,1.5,64595
229.8168,1.5,64506
229.7745,1.5,64584
229.3835,1.5,64638
229.4508,1.5,64554
228.99400000000003,1.5,64540
229.3021,1.5,64626
229.5596,1.5,64613
229.6525,1.5,64523
229.1477,1.5,64613
229.7448,1.5,64539
228.7911,1.5,64572
229.7395,1.5,64726
229.504,1.5,64587
229.0334,1.5,64478
229.6392,1.5,64700
229.3269,1.5,64521
229.0118,1.5,64657
229.7955,1.5,64627
229.2173,1.5,64503
229.4154,1.5,64575
229.8925,1.5,64606
229.6317,1.5,64678
229.6851,1.5,64555
229.0349,1.5,64597
228.945,1.5,64575
229.7859,1.5,64654
228.9731,1.5,64585
228.9467,1.5,64481
229.691,1.5,64424
229.4995,1.5,64567
229.7159,1.5,64471
229.1781,1.5,64528
229.6183,1.5,64526
229.0666,1.5,64543
229.1277,1.5,64501
229.1439,1.5,64524
229.3311,1.5,64588
229.2368,1.5,64438
228.6902,1.5,64460
228.9853,1.5,64480
228.9636,1.5,64473
229.2126,1.5,64583
229.3752,1.5,64490
229.1129,1.5,64544
229.7136,1.5,64594
229.0076,1.5,64582
229.0995,1.5,64557
229.5283,1.5,64593
228.7414,1.5,64496
229.5972,1.5,64514
229.4718,1.5,64613
229.5269,1.5,64471
229.0616,1.5,64526
228.899,1.5,64515
228.5958,1.5,64495
228.8393,1.5,64531
229.2362,1.5,64564
229.5641,1.5,64492
229.2167,1.5,64512
229.2955,1.5,64503
229.2821,1.5,64469
229.3164,1.5,64582
229.0292,1.5,64442
228.7793,1.5,64491
230.2593,1.5,64555
229.0023,1.5,64485
229.2814,1.5,64548
229.3019,1.5,64617
228.6793,1.5,64461
228.5623,1.5,64481
229.7214,1.5,64627
229.3317,1.5,64466
229.2114,1.5,64517
229.7575,1.5,64668
229.1942,1.5,64417
229.302,1.5,64531
229.2767,1.5,64496
228.8939,1.5,64367
228.8631,1.5,64490
228.8079,1.5,64592
229.3518,1.5,64418
229.3016,1.5,64532
229.2335,1.5,64483
228.5704,1.5,64427
228.3723,1.5,64462
228.8774,1.5,64513
229.0341,1.5,64352
229.0831,1.5,64545
229.3631,1.5,64591
229.5376,1.5,64551
230.0329,1.5,64602
228.8682,1.5,64660
229.758,1.5,64429
229.1045,1.5,64547
228.6455,1.5,64601
229.2016,1.5,64447
229.3524,1.5,64573
229.5772,1.5,64524
228.8943,1.5,64638
229.0249,1.5,64513
228.9355,1.5,64561
228.9832,1.5,64588
229.8598,1.5,64605
230.0156,1.5,64622
229.0173,1.5,64573
229.3426,1.5,64575
228.8358,1.5,64536
228.8135,1.5,64654
228.8947,1.5,64537
229.3114,1.5,64491
229.0029,1.5,64503
228.706,1.5,64455
229.0786,1.5,64547
228.6031,1.5,64524
228.9245,1.5,64582
228.727,1.5,64578
229.0403,1.5,64579
228.8696,1.5,64535
228.8341,1.5,64563
228.7274,1.5,64526
229.0138,1.5,64507
228.8642,1.5,64506
228.6692,1.5,64436
229.6728,1.5,64631
229.0476,1.5,64512
229.0662,1.5,64536
229.8028,1.5,64980
229.0481,1.5,64685
228.5511,1.5,64563
229.4857,1.5,64758
228.3332,1.5,64455
228.9588,1.5,64494
229.3699,1.5,64788
228.7679,1.5,64406
228.8135,1.5,64527
228.5906,1.5,64488
228.8323,1.5,64439
229.1675,1.5,64544
229.2094,1.5,64702
229.1045,1.5,64573
229.1503,1.5,64583
228.6023,1.5,64600
229.4351,1.5,64646
229.1354,1.5,64575
228.9193,1.5,64566
229.3059,1.5,64545
229.6684,1.5,64593
229.223,1.5,64602
229.8781,1.5,64545
229.3373,1.5,64521
229.235,1.5,64776
229.385,1.5,64512
229.1682,1.5,64547
229.19,1.5,64618
229.8745,1.5,64475
229.6897,1.5,64588
229.41,1.5,64568
228.7041,1.5,64391
229.4713,1.5,64608
229.6361,1.5,64616
229.3918,1.5,64534
229.3965,1.5,64566
229.6716,1.5,64715
229.1176,1.5,64467
229.5524,1.5,64495
228.9241,1.5,64599
229.126,1.5,64457
229.1628,1.5,64762
229.1578,1.5,64679
228.9539,1.5,64608
229.6129,1.5,64589
229.4827,1.5,64631
229.2251,1.5,64557
229.6797,1.5,64583
229.2687,1.5,64590
228.5662,1.5,64557
229.3225,1.5,64790
229.0097,1.5,64621
229.3045,1.5,64480
229.4818,1.5,64672
229.7536,1.5,64675
229.2984,1.5,64602
229.0944,1.5,64531
229.5674,1.5,64668
229.342,1.5,64626
229.2766,1.5,64633
229.618,1.5,64575
229.8387,1.5,64570
229.0641,1.5,64546
229.1049,1.5,64628
229.3516,1.5,64546
229.2873,1.5,64549
229.1594,1.5,64588
229.4069,1.5,64570
230.0482,1.5,64756
229.5628,1.5,64635
229.1047,1.5,64624
229.7036,1.5,64772
229.4676,1.5,64684
229.304,1.5,64592
229.3662,1.5,64643
229.3388,1.5,64667
229.6286,1.5,64643
229.7949,1.5,64629
229.0577,1.5,64680
228.7233,1.5,64569
228.7939,1.5,64635
229.3318,1.5,64601
229.2685,1.5,64591
230.7995,1.5,64689
229.1957,1.5,64424
229.3002,1.5,64619
229.2846,1.5,64717
229.1267,1.5,64443
228.8509,1.5,64593
229.0413,1.5,64582
229.7341,1.5,64433
229.0386,1.5,64594
229.8928,1.5,64583
228.8702,1.5,64548
229.1272,1.5,64518
228.8193,1.5,64690
229.302,1.5,64679
229.2232,1.5,64614
229.6095,1.5,64744
229.5619,1.5,64653
229.0622,1.5,64605
229.2675,1.5,64654
229.6648,1.5,64593
228.8494,1.5,64711
229.3298,1.5,64645
228.9881,1.5,64497
229.1285,1.5,64697
228.5731,1.5,64436
228.6173,1.5,64477
228.6371,1.5,64430
228.8571,1.5,64581
229.2627,1.5,64635
229.6987,1.5,64864
231.3124,1.51,64953
230.7035,1.5,64926
231.1244,1.51,65002
230.0781,1.51,64956
229.4802,1.5,64601
228.7742,1.5,64623
229.1359,1.5,64562
228.7144,1.5,64537
229.2712,1.5,64776
229.5791,1.5,64432
229.0563,1.5,64656
228.796,1.5,64680
229.546,1.5,64433
229.2848,1.5,64650
229.7027,1.5,64613
228.7015,1.5,64456
230.0929,1.5,64614
229.504,1.5,64673
229.1062,1.5,64516
229.6708,1.5,64557
229.3445,1.5,64819
229.8606,1.5,64579
229.3687,1.5,64636
229.5002,1.5,64674
229.7622,1.5,64495
229.739,1.5,64558
228.9809,1.5,64668
229.5222,1.5,64549
230.7431,1.5,64784
229.8582,1.5,64767
229.3523,1.5,64617
229.2146,1.5,64594
229.1008,1.5,64565
229.1007,1.5,64623
229.3014,1.5,64559
229.4026,1.5,64681
229.3928,1.5,64583
229.5886,1.5,64705
229.1666,1.5,64567
229.48,1.5,64536
229.307,1.5,64666
229.7076,1.5,64643
229.4521,1.5,64627
229.5737,1.5,64561
229.3652,1.5,64667
229.1531,1.5,64540
229.3047,1.5,64538
229.183,1.5,64595
228.799,1.5,64553
229.0408,1.5,64567
228.9864,1.5,64642
229.6059,1.5,64529
229.8734,1.5,64666
229.5594,1.5,64621
229.2443,1.5,64557
229.5957,1.5,64573
229.5014,1.5,64564
229.0871,1.5,64604
229.0029,1.5,64607
229.352,1.5,64710
229.8404,1.5,64609
229.0374,1.5,64746
229.6582,1.5,64547
228.9177,1.5,64574
229.9087,1.5,64628
228.742,1.5,64528
230.0373,1.5,64669
229.8009,1.5,64633
229.9699,1.5,64599
229.0619,1.5,64619
229.6149,1.5,64601
229.8726,1.5,64821
229.8779,1.5,64558
229.4753,1.5,64630
229.307,1.5,64430
229.6373,1.5,64633
229.3572,1.5,64616
230.2338,1.5,64634
230.0184,1.5,64574
229.9152,1.5,64608
229.4182,1.5,64531
230.2471,1.5,64573
229.2923,1.5,64598
229.5187,1.5,64631
229.7151,1.5,64696
230.0615,1.5,64653
229.7559,1.5,64626
229.5295,1.5,64713
229.947,1.5,64655
229.1613,1.5,64591
229.4394,1.5,64719
229.9159,1.5,64712
229.8493,1.5,64660
229.5905,1.5,64908
230.2352,1.5,64558
229.8314,1.5,64649
229.0116,1.5,64629
230.294,1.5,64750
229.0138,1.5,64470
228.9156,1.5,64616
229.1583,1.5,64555
229.1402,1.5,64502
228.353,1.5,64497
229.1591,1.5,64477
229.0778,1.5,64496
228.7778,1.5,64421
228.8423,1.5,64609
229.0366,1.5,64483
228.8754,1.5,64594
229.0879,1.5,64609
228.5914,1.5,64438
230.0148,1.5,64514
228.5401,1.5,64599
229.3497,1.5,64502
229.4584,1.5,64611
229.3208,1.5,64659
228.9222,1.5,64513
228.7913,1.5,64535
229.2124,1.5,64541
229.0134,1.5,64476
228.7397,1.5,64450
229.4021,1.5,64598
228.928,1.5,64538
229.3116,1.5,64454
228.8474,1.5,64596
229.4929,1.5,64556
229.1528,1.5,64477
228.8187,1.5,64434
228.8918,1.5,64570
229.1307,1.5,64499
228.9672,1.5,64494
229.4417,1.5,64526
229.0853,1.5,64458
228.9315,1.5,64533
229.3035,1.5,64569
228.8757,1.5,64659
229.6385,1.5,64434
229.521,1.5,64550
229.0977,1.5,64525
228.6882,1.5,64488
228.9354,1.5,64494
229.6712,1.5,64619
229.2015,1.5,64592
228.9694,1.5,64549
228.5921,1.5,64473
229.3836,1.5,64450
230.3208,1.5,64739
229.0321,1.5,64513
229.6451,1.5,64458
229.0084,1.5,64533
229.276,1.5,64480
229.2202,1.5,64452
229.2159,1.5,64629
228.9195,1.5,64432
229.3486,1.5,64399
229.401,1.5,64581
229.2762,1.5,64677
229.1498,1.5,64637
229.2785,1.5,64543
229.0558,1.5,64577
229.4522,1.5,64613
229.0822,1.5,64603
229.0405,1.5,64709
229.0984,1.5,64563
229.6182,1.5,64591
229.0715,1.5,64544
229.1718,1.5,64542
230.0831,1.5,64555
229.4908,1.5,64535
229.1352,1.5,64672
229.4395,1.5,64443
229.3548,1.5,64620
230.1523,1.5,64732
229.5743,1.5,64618
229.3739,1.5,64588
229.2635,1.5,64803
229.1969,1.5,64627
229.3009,1.5,64500
229.0833,1.5,64745
228.3846,1.5,64456
228.7886,1.5,64445
228.6,1.5,64680
228.8066,1.5,64598
229.2842,1.5,64434
228.6342,1.5,64565
228.8358,1.5,64622
229.6923,1.5,64424
229.0623,1.5,64534
229.3018,1.5,64508
230.2724,1.5,64662
230.223,1.5,64603
230.0555,1.51,64843
228.9794,1.5,64327
228.9351,1.5,64473
229.2303,1.5,64573
228.9,1.5,64317
229.2197,1.5,64453
229.0628,1.5,64662
229.3608,1.5,64306
229.0585,1.5,64518
229.6888,1.5,64512
228.9285,1.5,64456
229.1122,1.5,64387
228.9135,1.5,64511
228.9744,1.5,64432
228.8528,1.5,64459
229.4895,1.5,64532
229.3701,1.5,64246
228.9342,1.5,64412
228.7095,1.5,64569
228.5073,1.5,64339
229.6284,1.5,64677
228.9304,1.5,64484
228.8767,1.5,64475
228.8168,1.5,64442
229.0678,1.5,64474
228.9236,1.5,64562
229.3605,1.5,64633
229.2817,1.5,64527
228.6885,1.5,64503
229.0963,1.5,64505
228.3393,1.5,64493
228.5043,1.5,64505
229.2678,1.5,64452
229.0412,1.5,64371
228.4689,1.5,64550
228.853,1.5,64371
229.6825,1.5,64621
228.9767,1.5,64558
228.7523,1.5,64517
229.4253,1.5,64488
228.7884,1.5,64536
228.9256,1.5,64415
229.2124,1.5,64407
229.3278,1.5,64423
228.3766,1.5,64521
229.6796,1.5,64514
228.2423,1.5,64442
229.3642,1.5,64680
229.4787,1.5,64480
228.5913,1.5,64401
229.3554,1.5,64485
229.8448,1.5,64351
228.2894,1.5,64416
228.7309,1.5,64554
229.5797,1.5,64378
228.9875,1.5,64441
229.3111,1.5,64522
228.1222,1.5,64288
228.9091,1.5,64443
228.5946,1.5,64435
229.1622,1.5,64334
229.5884,1.5,64710
228.6591,1.5,64574
227.9732,1.5,64307
228.509,1.5,64484
228.6879,1.5,64553
228.4293,1.5,64413
228.8705,1.5,64412
228.6452,1.5,64573
229.6972,1.5,64623
228.737,1.5,64449
229.0734,1.5,64594
228.981,1.5,64434
228.9015,1.5,64580
229.9301,1.5,64698
228.7311,1.5,64759
228.8135,1.5,64469
228.3886,1.5,64422
228.7405,1.5,64427
228.7669,1.5,64403
228.8266,1.5,64403
228.7127,1.5,64484
228.1783,1.5,64306
228.9308,1.5,64445
228.5437,1.5,64581
228.2484,1.5,64336
228.6546,1.5,64450
229.5993,1.5,64673
228.4254,1.5,64460
228.581,1.5,64310
228.6912,1.5,64491
228.7973,1.5,64443
228.4294,1.5,64358
228.9045,1.5,64500
228.2425,1.5,64456
228.6462,1.5,64473
228.2006,1.5,64448
229.1383,1.5,64668
228.9501,1.5,64444
228.7318,1.5,64455
229.2243,1.5,64532
228.5483,1.5,64266
228.736,1.5,64451
229.0125,1.5,64506
228.1337,1.5,64379
228.4614,1.5,64438
229.4688,1.5,64486
229.2372,1.5,64368
229.1899,1.5,64410
229.4914,1.5,64618
228.7038,1.5,64402
228.4936,1.5,64434
228.5805,1.5,64584
228.4534,1.5,64315
228.6131,1.5,64352
229.4283,1.5,64492
228.5555,1.5,64396
228.3556,1.5,64503
228.9644,1.5,64682
228.1874,1.5,64426
228.6479,1.5,64354
228.9923,1.5,64526
229.3155,1.5,64485
229.2451,1.5,64317
229.9126,1.5,64573
229.2381,1.5,64441
229.3978,1.5,64458
228.9722,1.5,64504
229.3781,1.5,64416
228.941,1.5,64416
228.5885,1.5,64489
228.4609,1.5,64483
228.2317,1.5,64455
228.7571,1.5,64497
228.5544,1.5,64397
229.064,1.5,64452
228.2599,1.5,64466
228.8167,1.5,64475
228.2699,1.5,64451
229.1422,1.5,64552
228.4866,1.5,64562
228.5526,1.5,64357
228.9855,1.5,64479
229.1241,1.5,64557
228.9907,1.49,64228
228.5283,1.5,64484
228.6485,1.5,64524
229.5242,1.5,64572
229.8519,1.5,64589
229.8282,1.5,64608
230.502,1.5,64537
229.399,1.5,64601
230.1096,1.5,64712
229.6927,1.5,64584
229.8585,1.5,64601
229.7674,1.5,64591
229.6989,1.5,64575
229.7827,1.5,64587
230.149,1.5,64543
229.49,1.5,64571
229.7811,1.5,64540
229.7765,1.5,64508
229.5973,1.5,64586
229.9506,1.5,64426
229.4337,1.5,64553
229.8644,1.5,64698
230.0362,1.5,64628
229.7286,1.5,64546
229.5623,1.5,64681
229.3976,1.5,64577
229.6927,1.5,64569
229.5568,1.5,64572
229.5467,1.5,64568
230.0016,1.5,64514
229.551,1.5,64733
229.5528,1.5,64545
229.8883,1.5,64485
229.8941,1.5,64772
229.451,1.5,64532
229.2993,1.5,64498
229.9417,1.5,64792
230.1151,1.5,64544
230.2403,1.5,64539
229.8874,1.5,64488
230.2199,1.5,64559
229.9841,1.5,64543
230.6348,1.5,64595
229.4738,1.5,64539
229.662,1.5,64568
229.5248,1.5,64446
230.2485,1.5,64513
229.4999,1.5,64330
229.147,1.5,64496
229.2818,1.5,64574
229.5249,1.5,64407
229.6188,1.5,64482
229.5632,1.5,64491
230.0773,1.5,64499
229.542,1.5,64434
230.1725,1.5,64527
229.5731,1.5,64365
229.4934,1.5,64446
230.5038,1.5,64704
229.7561,1.5,64387
229.64,1.5,64478
229.609,1.5,64635
229.8238,1.5,64410
230.2286,1.5,64456
230.2896,1.5,64648
229.7265,1.5,64390
229.5985,1.5,64505
229.7854,1.5,64456
229.7766,1.5,64418
229.5508,1.5,64489
229.7343,1.5,64539
229.6605,1.5,64427
229.6368,1.5,64532
229.652,1.5,64465
230.3739,1.5,64571
230.0876,1.5,64429
230.1527,1.5,64640
230.1784,1.5,64510
229.6806,1.5,64500
229.6613,1.5,64535
230.1969,1.5,64476
229.9306,1.5,64472
230.3032,1.5,64600
230.4833,1.5,64502
230.2271,1.5,64520
229.7636,1.5,64544
230.09,1.5,64476
230.1295,1.5,64582
230.7116,1.5,64655
229.9354,1.5,64661
230.7784,1.5,64641
230.3284,1.5,64536
229.7985,1.5,64434
229.7745,1.5,64751
229.4516,1.5,64531
229.5771,1.5,64461
229.8021,1.5,64629
230.0289,1.5,64412
229.6465,1.5,64572
230.3526,1.5,64562
231.2,1.51,65379
232.0,1.51,65413
231.9,1.51,65317
231.7,1.51,65407
231.5,1.51,65386
230.9,1.51,65464
232.1,1.51,65372
232.1,1.51,65403
231.5,1.51,65362
231.4,1.51,65451
231.7,1.51,65367
231.3,1.51,65403
231.7,1.51,65421
231.6,1.51,65424
232.1,1.51,65451
231.7,1.52,65474
231.4,1.52,65470
231.7,1.52,65305
231.7,1.52,65428
232.6,1.52,65352
231.7,1.52,65582
231.9,1.52,65412
232.4,1.52,65445
231.7,1.52,65453
231.5,1.52,65323
231.6,1.52,65494
232.0,1.51,65450
231.5,1.52,65459
231.8,1.52,65457
232.6,1.52,65412
231.4,1.51,65436
232.0,1.52,65518
231.6,1.51,65426
231.1,1.52,65520
231.7,1.51,65347
232.4,1.51,65383
231.9,1.51,65443
231.7,1.51,65533
231.4,1.51,65448
231.9,1.51,65452
231.4,1.51,65520
231.2,1.51,65380
231.4,1.51,65450
231.9,1.52,65489
232.1,1.52,65525
231.7,1.51,65432
232.1,1.51,65376
231.4,1.51,65510
231.9,1.51,65409
231.5,1.51,65548
232.2,1.51,65540
231.5,1.51,65599
231.3,1.52,65438
230.9,1.52,65389
231.1,1.51,65417
231.8,1.52,65375
231.6,1.52,65481
231.4,1.52,65451
231.8,1.51,65413
231.7,1.51,65466
231.6,1.52,65291
231.3,1.51,65500
231.3,1.52,65409
230.9,1.52,65441
231.9,1.52,65364
231.7,1.52,65466
231.2,1.51,65450
231.8,1.51,65357
231.8,1.51,65437
232.6,1.52,65520
231.4,1.52,65640
232.0,1.52,65415
231.6,1.52,65427
231.5,1.51,65412
231.2,1.52,65428
231.2,1.52,65441
231.4,1.52,65364
231.2,1.51,65321
231.7,1.52,65392
231.4,1.51,65293
231.6,1.51,65456
231.2,1.51,65432
231.6,1.51,65426
230.7,1.52,65411
231.0,1.51,65339
231.6,1.52,65438
231.7,1.51,65458
231.7,1.51,65486
231.6,1.51,65422
231.5,1.52,65452
231.2,1.52,65478
231.2,1.51,65368
231.5,1.51,65451
231.4,1.52,65414
231.2,1.51,65521
231.8,1.52,65440
230.9,1.51,65458
231.5,1.51,65445
231.8,1.52,65409
231.2,1.52,65587
225.7,1.5,63840
225.8,1.5,63722
225.7,1.5,63848
225.4,1.5,63668
225.2,1.5,63632
225.9,1.5,63906
226.7,1.5,63851
225.3,1.5,63681
224.7,1.5,63672
224.4,1.5,63632
225.7,1.5,63728
224.4,1.5,63494
225.3,1.5,63678
225.2,1.5,63822
225.8,1.5,63788
224.9,1.5,63750
224.9,1.5,63847
224.8,1.5,63679
224.8,1.5,63761
224.9,1.5,63760
224.7,1.5,63675
225.2,1.5,63823
225.3,1.5,63610
225.2,1.5,63670
225.5,1.5,63749
224.9,1.5,63697
225.1,1.5,63713
225.2,1.5,63734
225.1,1.5,63740
224.5,1.5,63772
225.4,1.5,63655
224.8,1.5,63691
225.6,1.5,63842
224.7,1.5,63544
225.5,1.5,63664
225.1,1.5,63706
225.6,1.5,63636
224.6,1.5,63704
225.5,1.5,63759
225.1,1.5,63685
224.3,1.5,63743
225.3,1.5,63818
225.2,1.5,63695
224.9,1.5,63954
224.7,1.5,63583
224.9,1.5,63764
225.0,1.5,63725
225.3,1.5,63703
224.5,1.5,63728
225.3,1.5,63703
225.3,1.5,63685
225.1,1.5,63680
225.5,1.5,63760
225.1,1.5,63718
225.4,1.5,63789
224.7,1.5,63772
225.2,1.5,63721
224.6,1.5,63942
224.9,1.5,63735
225.0,1.5,63704
